magic concealer, 1
products, 1
brush, 1
Paint Pot, 0
pop, 0
products, 1
Mac, 0
brush, 1
brush, 1
brush, 1
stick, 0
taupe eyeshadow, 1
makeup, 1
base products, 1
Paint Pot, 0
powder, 0
girl powder, 1
beauty butter, 1
sugarpill shadows, 1
fan brush, 1
bronzer, 1
highlighter brush, 1
brush, 1
fan brush, 1
blend, 1
Fanta, 0
pan, 0
product, 1
lipstick, 1
Mac Pro, 0
liner, 1
highlighter, 1
products, 1
senti beauty banana banana blaze liner, 1
brush, 1
liners, 1
Brush, 1
skirt, 0
Barbie, 0
Barbie, 0
brush, 1
Barbie, 0
sunglasses, 0
leather jacket, 0
Barbie, 0
fangs, 0
camera, 0
powder, 0
makeup, 1
eye shadow, 1
monitor, 0
brush, 1
monitor, 0
pencil, 0
gasoline, 0
Barbies, 1
Barbies, 1
FX, 1
powder, 0
lipstick, 1
bag, 0
pearl powder, 1
tape, 1
cream, 0
brush, 1
makeup, 1
eyelid tape, 1
lipstick, 1
pencil liner, 1
pencil, 0
foundation brush, 1
lipstick, 1
concealer pencils, 1
pencil, 1
lip balm, 1
product, 1
essential oils, 1
concealer, 1
