quickest, 0  foo
love, 0  foo
periodic, 0  foo
lazy, 0  foo
interest, 0  foo
jagged, 0  foo
protect, 0  foo
writing, 0  foo
grotesque, 0  foo
wish, 0  foo
talk, 0  foo
desire, 0  foo
apologise, 0  foo
adjoining, 0  foo
zippy, 0  foo
mate, 0  foo
macho, 0  foo
spot, 0  foo
jittery, 0  foo
approve, 0  foo
rhyme, 0  foo
ad hoc, 0  foo
better, 0  foo
dream, 0  foo
wren, 0  foo
lonely, 0  foo
notice, 0  foo
cautious, 0  foo
gentle, 0  foo
volcano, 0  foo
combative, 0  foo
superficial, 0  foo
spell, 0  foo
paltry, 0  foo
warm, 0  foo
downtown, 0  foo
discreet, 0  foo
program, 0  foo
befitting, 0  foo
finger, 0  foo
analyse, 0  foo
release, 0  foo
side, 0  foo
carve, 0  foo
icy, 0  foo
obtainable, 0  foo
long-term, 0  foo
ripe, 0  foo
hilarious, 0  foo
trashy, 0  foo
house, 0  foo
replace, 0  foo
whistle, 0  foo
enchanting, 0  foo
tree, 0  foo
thoughtless, 0  foo
cemetery, 0  foo
dime, 0  foo
superb, 0  foo
mundane, 0  foo
full, 0  foo
advertisement, 0  foo
aboard, 0  foo
brief, 0  foo
stem, 0  foo
balance, 0  foo
erratic, 0  foo
macabre, 0  foo
discovery, 0  foo
argument, 0  foo
barbarous, 0  foo
useful, 0  foo
spiky, 0  foo
wash, 0  foo
metal, 0  foo
breezy, 0  foo
exercise, 0  foo
cute, 0  foo
tank, 0  foo
curious, 0  foo
rat, 0  foo
point, 0  foo
wrap, 0  foo
shape, 0  foo
guttural, 0  foo
chalk, 0  foo
form, 0  foo
friends, 0  foo
fetch, 0  foo
blink, 0  foo
decay, 0  foo
versed, 0  foo
upbeat, 0  foo
abashed, 0  foo
test, 0  foo
closed, 0  foo
ten, 0  foo
rescue, 0  foo
boy, 0  foo
remain, 0  foo
rural, 0  foo
income, 0  foo
reading, 0  foo
watch, 0  foo
mute, 0  foo
bag, 0  foo
hat, 0  foo
push, 0  foo
utopian, 0  foo
lock, 0  foo
teeth, 0  foo
bruise, 0  foo
gratis, 0  foo
pretty, 0  foo
whip, 0  foo
snow, 0  foo
successful, 0  foo
rub, 0  foo
heavenly, 0  foo
well-made, 0  foo
grin, 0  foo
time, 0  foo
show, 0  foo
knowledge, 0  foo
ski, 0  foo
prickly, 0  foo
zebra, 0  foo
standing, 0  foo
disagree, 0  foo
pigs, 0  foo
rain, 0  foo
farm, 0  foo
aunt, 0  foo
dynamic, 0  foo
lick, 0  foo
complete, 0  foo
ticket, 0  foo
tent, 0  foo
nervous, 0  foo
sick, 0  foo
stingy, 0  foo
design, 0  foo
development, 0  foo
songs, 0  foo
cultured, 0  foo
smile, 0  foo
enchanted, 0  foo
knock, 0  foo
coast, 0  foo
overflow, 0  foo
impolite, 0  foo
scientific, 0  foo
meek, 0  foo
year, 0  foo
silk, 0  foo
voracious, 0  foo
cattle, 0  foo
pan, 0  foo
afterthought, 0  foo
permissible, 0  foo
thank, 0  foo
committee, 0  foo
rice, 0  foo
card, 0  foo
thunder, 0  foo
imaginary, 0  foo
tin, 0  foo
marry, 0  foo
trains, 0  foo
suspect, 0  foo
power, 0  foo
flap, 0  foo
stitch, 0  foo
growth, 0  foo
grumpy, 0  foo
long, 0  foo
earth, 0  foo
bat, 0  foo
recognise, 0  foo
utter, 0  foo
weather, 0  foo
range, 0  foo
broad, 0  foo
eggs, 0  foo
chess, 0  foo
useless, 0  foo
clear, 0  foo
letters, 0  foo
birth, 0  foo
caption, 0  foo
coach, 0  foo
ink, 0  foo
team, 0  foo
zephyr, 0  foo
town, 0  foo
bake, 0  foo
aquatic, 0  foo
wall, 0  foo
sun, 0  foo
defective, 0  foo
rightful, 0  foo
need, 0  foo
whip, 0  foo
nutty, 0  foo
soak, 0  foo
depend, 0  foo
hydrant, 0  foo
measure, 0  foo
post, 0  foo
guide, 0  foo
salt, 0  foo
bit, 0  foo
cow, 0  foo
thick, 0  foo
achiever, 0  foo
true, 0  foo
picture, 0  foo
increase, 0  foo
majestic, 0  foo
miniature, 0  foo
previous, 0  foo
fearless, 0  foo
towering, 0  foo
selective, 0  foo
labored, 0  foo
calculate, 0  foo
tray, 0  foo
slap, 0  foo
wretched, 0  foo
charming, 0  foo
regular, 0  foo
fair, 0  foo
scribble, 0  foo
bawdy, 0  foo
adamant, 0  foo
pop, 0  foo
locket, 0  foo
unruly, 0  foo
squeamish, 0  foo
maid, 0  foo
fix, 0  foo
move, 0  foo
act, 0  foo
invention, 0  foo
dangerous, 0  foo
night, 0  foo
diligent, 0  foo
pickle, 0  foo
middle, 0  foo
delicate, 0  foo
sincere, 0  foo
seal, 0  foo
mighty, 0  foo
supreme, 0  foo
trace, 0  foo
blot, 0  foo
scrawny, 0  foo
goofy, 0  foo
wry, 0  foo
bare, 0  foo
hallowed, 0  foo
trip, 0  foo
houses, 0  foo
stranger, 0  foo
business, 0  foo
squealing, 0  foo
purpose, 0  foo
worm, 0  foo
valuable, 0  foo
dreary, 0  foo
empty, 0  foo
magic, 0  foo
roll, 0  foo
alleged, 0  foo
stream, 0  foo
sneeze, 0  foo
distance, 0  foo
sad, 0  foo
sweater, 0  foo
possess, 0  foo
wicked, 0  foo
parallel, 0  foo
jail, 0  foo
friendly, 0  foo
disastrous, 0  foo
staking, 0  foo
amuse, 0  foo
grade, 0  foo
half, 0  foo
petite, 0  foo
able, 0  foo
repair, 0  foo
suck, 0  foo
eatable, 0  foo
defiant, 0  foo
crush, 0  foo
crash, 0  foo
simplistic, 0  foo
level, 0  foo
clever, 0  foo
swing, 0  foo
shiny, 0  foo
truculent, 0  foo
sign, 0  foo
dapper, 0  foo
travel, 0  foo
risk, 0  foo
d, 0  foo
lunch, 0  foo
delightful, 0  foo
reason, 0  foo
question, 0  foo
hate, 0  foo
abusive, 0  foo
vanish, 0  foo
jog, 0  foo
car, 0  foo
pointless, 0  foo
ossified, 0  foo
sniff, 0  foo
rule, 0  foo
sleep, 0  foo
merciful, 0  foo
therapeutic, 0  foo
bell, 0  foo
eight, 0  foo
plain, 0  foo
swim, 0  foo
deserted, 0  foo
auspicious, 0  foo
excite, 0  foo
collect, 0  foo
gaze, 0  foo
nose, 0  foo
surprise, 0  foo
elastic, 0  foo
loving, 0  foo
person, 0  foo
even, 0  foo
level, 0  foo
cooing, 0  foo
fog, 0  foo
faulty, 0  foo
rude, 0  foo
scold, 0  foo
imagine, 0  foo
advice, 0  foo
lively, 0  foo
unarmed, 0  foo
haunt, 0  foo
frighten, 0  foo
dispensable, 0  foo
dry, 0  foo
fine, 0  foo
boring, 0  foo
bouncy, 0  foo
silver, 0  foo
supply, 0  foo
faint, 0  foo
cry, 0  foo
succeed, 0  foo
handle, 0  foo
drawer, 0  foo
vague, 0  foo
tail, 0  foo
improve, 0  foo
hideous, 0  foo
oatmeal, 0  foo
measly, 0  foo
judge, 0  foo
actually, 0  foo
crook, 0  foo
male, 0  foo
glamorous, 0  foo
unpack, 0  foo
pencil, 0  foo
skirt, 0  foo
ultra, 0  foo
end, 0  foo
seashore, 0  foo
teeny, 0  foo
mellow, 0  foo
jazzy, 0  foo
wanting, 0  foo
experience, 0  foo
unkempt, 0  foo
swanky, 0  foo
satisfy, 0  foo
hum, 0  foo
energetic, 0  foo
subdued, 0  foo
button, 0  foo
cute, 0  foo
certain, 0  foo
fact, 0  foo
jump, 0  foo
snakes, 0  foo
answer, 0  foo
wealthy, 0  foo
winter, 0  foo
marvelous, 0  foo
hover, 0  foo
mind, 0  foo
smoke, 0  foo
airplane, 0  foo
porter, 0  foo
godly, 0  foo
baseball, 0  foo
entertain, 0  foo
cream, 0  foo
robust, 0  foo
heavy, 0  foo
curve, 0  foo
oafish, 0  foo
free, 0  foo
zany, 0  foo
wiry, 0  foo
iron, 0  foo
succinct, 0  foo
red, 0  foo
juice, 0  foo
woman, 0  foo
satisfying, 0  foo
tongue, 0  foo
curly, 0  foo
busy, 0  foo
snails, 0  foo
remove, 0  foo
cover, 0  foo
suspend, 0  foo
compare, 0  foo
jump, 0  foo
outgoing, 0  foo
brash, 0  foo
possible, 0  foo
hesitant, 0  foo
mark, 0  foo
riddle, 0  foo
expensive, 0  foo
trees, 0  foo
relation, 0  foo
vivacious, 0  foo
order, 0  foo
twist, 0  foo
disturbed, 0  foo
screw, 0  foo
daffy, 0  foo
cast, 0  foo
safe, 0  foo
melt, 0  foo
bells, 0  foo
lewd, 0  foo
eggnog, 0  foo
irritate, 0  foo
unhealthy, 0  foo
tangible, 0  foo
complete, 0  foo
pipe, 0  foo
normal, 0  foo
lethal, 0  foo
educated, 0  foo
disapprove, 0  foo
temper, 0  foo
hope, 0  foo
calendar, 0  foo
invincible, 0  foo
slip, 0  foo
evasive, 0  foo
listen, 0  foo
gather, 0  foo
female, 0  foo
home, 0  foo
smoke, 0  foo
forgetful, 0  foo
yak, 0  foo
parcel, 0  foo
eminent, 0  foo
wipe, 0  foo
tasteful, 0  foo
aback, 0  foo
mitten, 0  foo
clap, 0  foo
extra-large, 0  foo
voice, 0  foo
water, 0  foo
disillusioned, 0  foo
health, 0  foo
nation, 0  foo
bulb, 0  foo
straw, 0  foo
spark, 0  foo
efficient, 0  foo
ordinary, 0  foo
stamp, 0  foo
oceanic, 0  foo
roll, 0  foo
frightened, 0  foo
return, 0  foo
apparel, 0  foo
healthy, 0  foo
woebegone, 0  foo
yummy, 0  foo
lavish, 0  foo
childlike, 0  foo
zipper, 0  foo
record, 0  foo
fancy, 0  foo
admire, 0  foo
malicious, 0  foo
rose, 0  foo
ask, 0  foo
obsequious, 0  foo
pen, 0  foo
unfasten, 0  foo
puffy, 0  foo
bite, 0  foo
chicken, 0  foo
icky, 0  foo
pathetic, 0  foo
drop, 0  foo
draconian, 0  foo
government, 0  foo
quiver, 0  foo
earthquake, 0  foo
curve, 0  foo
change, 0  foo
tug, 0  foo
spoon, 0  foo
cloudy, 0  foo
hammer, 0  foo
unable, 0  foo
hapless, 0  foo
dry, 0  foo
loose, 0  foo
hospitable, 0  foo
typical, 0  foo
lumpy, 0  foo
bury, 0  foo
boil, 0  foo
shock, 0  foo
burly, 0  foo
shave, 0  foo
hulking, 0  foo
breakable, 0  foo
ring, 0  foo
offer, 0  foo
spectacular, 0  foo
wakeful, 0  foo
decision, 0  foo
class, 0  foo
vast, 0  foo
rambunctious, 0  foo
time, 0  foo
cynical, 0  foo
decorous, 0  foo
digestion, 0  foo
unsuitable, 0  foo
attach, 0  foo
ragged, 0  foo
mountain, 0  foo
greedy, 0  foo
ruthless, 0  foo
alcoholic, 0  foo
wrong, 0  foo
narrow, 0  foo
delight, 0  foo
perform, 0  foo
ban, 0  foo
long, 0  foo
correct, 0  foo
woozy, 0  foo
tenuous, 0  foo
shoes, 0  foo
scent, 0  foo
used, 0  foo
actor, 0  foo
border, 0  foo
uptight, 0  foo
acid, 0  foo
matter, 0  foo
nappy, 0  foo
unlock, 0  foo
screeching, 0  foo
division, 0  foo
excellent, 0  foo
smash, 0  foo
warm, 0  foo
awful, 0  foo
bomb, 0  foo
puzzled, 0  foo
rabid, 0  foo
shade, 0  foo
spark, 0  foo
conscious, 0  foo
omniscient, 0  foo
confuse, 0  foo
queue, 0  foo
knowledgeable, 0  foo
fork, 0  foo
pedal, 0  foo
tiny, 0  foo
wrestle, 0  foo
raise, 0  foo
alike, 0  foo
chubby, 0  foo
tall, 0  foo
sweltering, 0  foo
grain, 0  foo
money, 0  foo
appreciate, 0  foo
graceful, 0  foo
spurious, 0  foo
magenta, 0  foo
wire, 0  foo
bike, 0  foo
undress, 0  foo
overwrought, 0  foo
piquant, 0  foo
camp, 0  foo
snotty, 0  foo
value, 0  foo
carry, 0  foo
absurd, 0  foo
lettuce, 0  foo
tawdry, 0  foo
wave, 0  foo
donkey, 0  foo
instrument, 0  foo
languid, 0  foo
scorch, 0  foo
plants, 0  foo
changeable, 0  foo
drum, 0  foo
settle, 0  foo
fire, 0  foo
stretch, 0  foo
sheep, 0  foo
condemned, 0  foo
eager, 0  foo
rare, 0  foo
obnoxious, 0  foo
statement, 0  foo
clear, 0  foo
appliance, 0  foo
toad, 0  foo
curved, 0  foo
fallacious, 0  foo
sail, 0  foo
mug, 0  foo
sulky, 0  foo
groovy, 0  foo
guiltless, 0  foo
mailbox, 0  foo
deadpan, 0  foo
three, 0  foo
needless, 0  foo
suit, 0  foo
handsome, 0  foo
meat, 0  foo
cellar, 0  foo
burn, 0  foo
arrest, 0  foo
mourn, 0  foo
deer, 0  foo
tasteless, 0  foo
trail, 0  foo
angle, 0  foo
wander, 0  foo
rifle, 0  foo
available, 0  foo
worry, 0  foo
daily, 0  foo
giraffe, 0  foo
mass, 0  foo
pastoral, 0  foo
interesting, 0  foo
incandescent, 0  foo
reduce, 0  foo
serve, 0  foo
plant, 0  foo
like, 0  foo
slave, 0  foo
chivalrous, 0  foo
haircut, 0  foo
honorable, 0  foo
increase, 0  foo
obey, 0  foo
coil, 0  foo
astonishing, 0  foo
add, 0  foo
tap, 0  foo
low, 0  foo
parsimonious, 0  foo
absorbing, 0  foo
part, 0  foo
redundant, 0  foo
beg, 0  foo
field, 0  foo
waggish, 0  foo
water, 0  foo
system, 0  foo
tie, 0  foo
wacky, 0  foo
amusement, 0  foo
form, 0  foo
cup, 0  foo
beginner, 0  foo
book, 0  foo
statuesque, 0  foo
insidious, 0  foo
beds, 0  foo
branch, 0  foo
mess up, 0  foo
frantic, 0  foo
divide, 0  foo
gray, 0  foo
hateful, 0  foo
tickle, 0  foo
gruesome, 0  foo
lumber, 0  foo
introduce, 0  foo
hope, 0  foo
slip, 0  foo
pick, 0  foo
super, 0  foo
squeal, 0  foo
sticks, 0  foo
squeeze, 0  foo
stiff, 0  foo
homeless, 0  foo
look, 0  foo
reproduce, 0  foo
greasy, 0  foo
wholesale, 0  foo
tired, 0  foo
testy, 0  foo
aftermath, 0  foo
foregoing, 0  foo
lace, 0  foo
cause, 0  foo
stitch, 0  foo
accidental, 0  foo
sprout, 0  foo
juicy, 0  foo
industrious, 0  foo
relax, 0  foo
route, 0  foo
cloistered, 0  foo
cap, 0  foo
righteous, 0  foo
church, 0  foo
overrated, 0  foo
hour, 0  foo
brother, 0  foo
handsomely, 0  foo
plough, 0  foo
play, 0  foo
likeable, 0  foo
spooky, 0  foo
attack, 0  foo
geese, 0  foo
jar, 0  foo
accept, 0  foo
connect, 0  foo
exotic, 0  foo
include, 0  foo
troubled, 0  foo
sedate, 0  foo
torpid, 0  foo
grandfather, 0  foo
writer, 0  foo
identify, 0  foo
unit, 0  foo
many, 0  foo
grubby, 0  foo
ice, 0  foo
l, 0  foo
bath, 0  foo
poke, 0  foo
deafening, 0  foo
thinkable, 0  foo
smart, 0  foo
lowly, 0  foo
skate, 0  foo
squirrel, 0  foo
knot, 0  foo
boiling, 0  foo
disgusting, 0  foo
spotty, 0  foo
exist, 0  foo
craven, 0  foo
harsh, 0  foo
force, 0  foo
witty, 0  foo
pail, 0  foo
acceptable, 0  foo
bat, 0  foo
toe, 0  foo
abortive, 0  foo
faithful, 0  foo
substance, 0  foo
error, 0  foo
representative, 0  foo
berry, 0  foo
judge, 0  foo
placid, 0  foo
color, 0  foo
electric, 0  foo
mammoth, 0  foo
nosy, 0  foo
yarn, 0  foo
cent, 0  foo
white, 0  foo
wait, 0  foo
stormy, 0  foo
wink, 0  foo
far-flung, 0  foo
jam, 0  foo
real, 0  foo
fixed, 0  foo
plausible, 0  foo
stretch, 0  foo
pricey, 0  foo
wonder, 0  foo
obsolete, 0  foo
unadvised, 0  foo
enter, 0  foo
uneven, 0  foo
instinctive, 0  foo
domineering, 0  foo
obese, 0  foo
abaft, 0  foo
mine, 0  foo
tour, 0  foo
salty, 0  foo
scream, 0  foo
sense, 0  foo
approval, 0  foo
obscene, 0  foo
gold, 0  foo
activity, 0  foo
pleasant, 0  foo
penitent, 0  foo
mushy, 0  foo
milk, 0  foo
nine, 0  foo
arrange, 0  foo
mine, 0  foo
channel, 0  foo
sharp, 0  foo
taste, 0  foo
believe, 0  foo
knit, 0  foo
round, 0  foo
annoyed, 0  foo
live, 0  foo
alive, 0  foo
mindless, 0  foo
grape, 0  foo
dam, 0  foo
describe, 0  foo
daughter, 0  foo
curl, 0  foo
plastic, 0  foo
trite, 0  foo
garrulous, 0  foo
invite, 0  foo
attempt, 0  foo
fly, 0  foo
exchange, 0  foo
borrow, 0  foo
difficult, 0  foo
wet, 0  foo
cook, 0  foo
remember, 0  foo
automatic, 0  foo
provide, 0  foo
trousers, 0  foo
jelly, 0  foo
army, 0  foo
frail, 0  foo
different, 0  foo
object, 0  foo
bear, 0  foo
second, 0  foo
dogs, 0  foo
smooth, 0  foo
twist, 0  foo
good, 0  foo
alert, 0  foo
marked, 0  foo
flesh, 0  foo
black, 0  foo
spotless, 0  foo
fowl, 0  foo
laugh, 0  foo
sassy, 0  foo
trick, 0  foo
complain, 0  foo
lock, 0  foo
blushing, 0  foo
line, 0  foo
striped, 0  foo
tart, 0  foo
lopsided, 0  foo
kick, 0  foo
cumbersome, 0  foo
yoke, 0  foo
elbow, 0  foo
minute, 0  foo
squeak, 0  foo
ludicrous, 0  foo
wine, 0  foo
cruel, 0  foo
creature, 0  foo
fruit, 0  foo
carriage, 0  foo
dare, 0  foo
comb, 0  foo
muscle, 0  foo
elfin, 0  foo
ugly, 0  foo
moldy, 0  foo
belligerent, 0  foo
workable, 0  foo
nebulous, 0  foo
deranged, 0  foo
feeling, 0  foo
clean, 0  foo
sweet, 0  foo
sound, 0  foo
questionable, 0  foo
arrive, 0  foo
greet, 0  foo
hand, 0  foo
savory, 0  foo
sisters, 0  foo
creator, 0  foo
mask, 0  foo
trick, 0  foo
land, 0  foo
spring, 0  foo
abundant, 0  foo
watery, 0  foo
abstracted, 0  foo
rob, 0  foo
spy, 0  foo
fall, 0  foo
use, 0  foo
belief, 0  foo
shade, 0  foo
gorgeous, 0  foo
crack, 0  foo
aspiring, 0  foo
scandalous, 0  foo
threatening, 0  foo
chop, 0  foo
frame, 0  foo
magical, 0  foo
wide, 0  foo
secretive, 0  foo
tendency, 0  foo
yawn, 0  foo
grass, 0  foo
acoustics, 0  foo
bloody, 0  foo
feeble, 0  foo
shut, 0  foo
fancy, 0  foo
important, 0  foo
hissing, 0  foo
serious, 0  foo
bedroom, 0  foo
milky, 0  foo
mouth, 0  foo
mice, 0  foo
young, 0  foo
quick, 0  foo
groan, 0  foo
harmony, 0  foo
rock, 0  foo
deep, 0  foo
help, 0  foo
doubtful, 0  foo
chilly, 0  foo
pine, 0  foo
zoo, 0  foo
new, 0  foo
fluttering, 0  foo
door, 0  foo
common, 0  foo
force, 0  foo
son, 0  foo
little, 0  foo
thoughtful, 0  foo
average, 0  foo
sneeze, 0  foo
slim, 0  foo
shake, 0  foo
bewildered, 0  foo
nars lipstick, 1 foo
nyx lip cream, 1 foo
too faced melted matte liquified long wear lipstick, 1 foo
lipstick stain, 1 foo
Natural Lash, 1 foo
Natural Lash, 1 foo
Glamour Lash, 1 foo
Natural Lash, foo
Perfect point  foo
